title,video_id,period,author,text,published_at
SUPER MARIO BROS,6C2mlg8DHCc,post_covid,@Yuyulove-f9e,Ã‡a sors quand?,2026-01-11T02:10:50Z
SUPER MARIO BROS,6C2mlg8DHCc,post_covid,@KamilAkrout,0:56 il sortait du coeur celui lÃ ,2026-01-04T02:13:52Z
SUPER MARIO BROS,6C2mlg8DHCc,post_covid,@Zacozaki,Il y aura yoshi les gars ğŸ˜®!!! Mon personnage prÃ©fÃ©rÃ© ğŸ’šğŸ¦–,2025-12-26T13:15:02Z
SUPER MARIO BROS,6C2mlg8DHCc,post_covid,@repostiktok029,Ou est le goat Yoshi ??,2025-12-20T17:31:11Z
SUPER MARIO BROS,6C2mlg8DHCc,post_covid,@nohamGarnaud,Incroyable,2025-12-20T06:46:01Z
SUPER MARIO BROS,6C2mlg8DHCc,post_covid,@Yohan-s2e,"Trop cool, je vais bien aller le voir ce film Mario 2",2025-12-17T18:08:36Z
SUPER MARIO BROS,6C2mlg8DHCc,post_covid,@thalesweelher9511,MÃªme dans les dessins animÃ©s le deux Ã§a part toujours en c......,2025-12-14T22:34:42Z
SUPER MARIO BROS,6C2mlg8DHCc,post_covid,@DelphineUrvoy,Jâ€™adore quand bowser a dit Ã§a boum MarioğŸ˜‚ğŸ˜‚,2025-12-14T09:01:00Z
SUPER MARIO BROS,6C2mlg8DHCc,post_covid,@elblehÃ©rissonbleugamer,0:56 c une croÃ»te honte,2025-12-13T16:06:49Z
SUPER MARIO BROS,6C2mlg8DHCc,post_covid,@nilsinconnue,Pourquoi le 1er avril?ğŸ˜‚ğŸ˜‚ğŸ˜‚ğŸ˜‚,2025-12-13T14:48:28Z
SUPER MARIO BROS,6C2mlg8DHCc,post_covid,@ACNerox,1:44 Bendy the dark reval prime,2025-12-12T18:07:06Z
SUPER MARIO BROS,6C2mlg8DHCc,post_covid,@alem6964,"Putain !, Le film a l'air d'Ãªtre un banger ! Je suis sur le cul ğŸ‰â¤",2025-12-12T06:17:08Z
SUPER MARIO BROS,6C2mlg8DHCc,post_covid,@Youyou-o6x3z,On en parle que le fils de Bowser est plus terrifiant que lui,2025-12-07T22:31:00Z
SUPER MARIO BROS,6C2mlg8DHCc,post_covid,@brutapode8939,C'est toujours Pierre Tessier ?,2025-11-23T23:43:06Z
SUPER MARIO BROS,6C2mlg8DHCc,post_covid,@toutsimplementmoi86,Je veux voir YOSHY c'est mon prÃ©fÃ©rÃ©,2025-11-23T09:44:22Z
SUPER MARIO BROS,6C2mlg8DHCc,post_covid,@josephborel9127,il sort le premier avril c'est le mÃªme jour ou on fait du poisson d'avril Ã  quelqu'un.,2025-11-22T20:36:16Z
SUPER MARIO BROS,6C2mlg8DHCc,post_covid,@AracheurDEgay,J'ai trop hÃ¢te ğŸ˜ŠğŸ˜ŠğŸ˜ŠğŸ˜ŠğŸ˜ŠğŸ˜ŠğŸ˜Š,2025-11-20T20:38:49Z
SUPER MARIO BROS,6C2mlg8DHCc,post_covid,@animefanselenia33rp,Bizarre,2025-11-20T07:54:25Z
SUPER MARIO BROS,6C2mlg8DHCc,post_covid,@independanttrainee39,Dans le dÃ©sert??? Omg please donnez nous Oasis Daisy,2025-11-20T00:09:34Z
SUPER MARIO BROS,6C2mlg8DHCc,post_covid,@hartheos5924,c'est magnifique,2025-11-19T23:25:32Z
SUPER MARIO BROS,6C2mlg8DHCc,post_covid,@JRH_Gamingx2.0,Jâ€™ai vu le1 jâ€™attends avec impatience le 2,2025-11-19T18:35:08Z
SUPER MARIO BROS,6C2mlg8DHCc,post_covid,@Noe001,"Le hÃ©ros bowser junior il vient dÃ©livrer son pÃ¨re .., ğŸ¤”quel ironie du coup bowser devient le hÃ©ros Ã  place du mario, un genre game of thrones Ã  la Nintendo ğŸ˜",2025-11-19T15:49:31Z
SUPER MARIO BROS,6C2mlg8DHCc,post_covid,@ahmedsarr6559,Mamamiya,2025-11-19T15:22:12Z
SUPER MARIO BROS,6C2mlg8DHCc,post_covid,@ahmedsarr6559,Oui,2025-11-19T15:21:51Z
SUPER MARIO BROS,6C2mlg8DHCc,post_covid,@MichaelMichael-l2m6g,Nice en vrai,2025-11-18T23:48:47Z
SUPER MARIO BROS,6C2mlg8DHCc,post_covid,@Morbhack,Princesse peach galaxy - le film,2025-11-18T19:49:43Z
SUPER MARIO BROS,6C2mlg8DHCc,post_covid,@MarieDelobel-x4o,"Harmonie,",2025-11-18T18:45:40Z
SUPER MARIO BROS,6C2mlg8DHCc,post_covid,@Kal-Adam,"Il vont nous faire surement aussi bien que le 1er. Du moins, j'espÃ¨re vraiment.",2025-11-18T15:03:38Z
SUPER MARIO BROS,6C2mlg8DHCc,post_covid,@ParenteauMaryse,Jâ€™ai remarquer un truc Ã  la fin de la rencontre de Mario et luigi avec bowser quand il se fait mal Ã  la queue avec la porte il se fait des dÃ©gat et il a manger un champinion petit donc le champinion devrait sâ€™annuler donc bowser redeviendrais grand non ?,2025-11-18T01:39:46Z
SUPER MARIO BROS,6C2mlg8DHCc,post_covid,@Enzo83Yo,C'est quand il rencontre Sonic ?,2025-11-17T16:13:02Z
SUPER MARIO BROS,6C2mlg8DHCc,post_covid,@Liliane2800,*La VF PARFAITE !* ğŸ¤©,2025-11-16T23:30:35Z
SUPER MARIO BROS,6C2mlg8DHCc,post_covid,@traideur_fr200p5,EğŸ˜Š,2025-11-16T20:15:11Z
SUPER MARIO BROS,6C2mlg8DHCc,post_covid,@brandongonzalez9212,"J'avais pensÃ© que le film Mario Galaxy serait le plus mature, le plus sombre et le plus triste des films produit par Illumination car en ayant fait le jeu sur Wii et maintenant sur Switch, c'est pas le plus joyeux, mais heureusement que c'est le plus beau jeu Mario que j'ai fait ! ğŸ˜ MÃªme si le film sera trÃ¨s triste (mais Ã  priori non), sombre, mature mais super beau visuellement, je suis quand mÃªme preneur ğŸ˜",2025-11-16T19:02:42Z
SUPER MARIO BROS,6C2mlg8DHCc,post_covid,@naceci8305,J'ai hÃ¢te de le voir au cinÃ©ma â¤â¤â¤ğŸ‰,2025-11-16T18:48:51Z
SUPER MARIO BROS,6C2mlg8DHCc,post_covid,@anisthondu242,LETâ€™S GOOOOOOOOOOOO ğŸ‰ğŸ‰ğŸ‰ Ã§a va barder en 2026,2025-11-16T16:01:43Z
SUPER MARIO BROS,6C2mlg8DHCc,post_covid,@AnaÃ¯sjado,Je suis trop pressÃ© pour le regarder il a l'air incroyable ğŸ˜»ğŸ‰ğŸ‰,2025-11-16T11:31:24Z
SUPER MARIO BROS,6C2mlg8DHCc,post_covid,@Bulle-D0,Loooooooove harmonie,2025-11-16T11:24:56Z
SUPER MARIO BROS,6C2mlg8DHCc,post_covid,@DavscariegamerXD,La tÃªte de Bowser au dÃ©but ğŸ˜‚,2025-11-16T10:43:21Z
SUPER MARIO BROS,6C2mlg8DHCc,post_covid,@yovis05,Jâ€™ai hÃ¢te,2025-11-16T02:54:23Z
SUPER MARIO BROS,6C2mlg8DHCc,post_covid,@coco-knight6223,J'espers qu'il y aura aussi daisy  ğŸ¤—,2025-11-15T22:27:42Z
SUPER MARIO BROS,6C2mlg8DHCc,post_covid,@NathanSchnebelenKoto,Je dÃ©lire ou Bowser junior a utilisÃ© de la confusi-ombre ?,2025-11-15T21:17:02Z
SUPER MARIO BROS,6C2mlg8DHCc,post_covid,@Dorafilou55,HARMONIE ES TROP BELLE !!!,2025-11-15T19:33:09Z
SUPER MARIO BROS,6C2mlg8DHCc,post_covid,@pascallordan2589,Luidji je crois que jâ€™ai quelquâ€™un Ã  te prÃ©senter,2025-11-15T18:01:35Z
SUPER MARIO BROS,6C2mlg8DHCc,post_covid,@ClÃ©den_X,J'ai eu une pub pour le film en cliquant sur la vidÃ©o ! ğŸ¤£,2025-11-15T16:51:47Z
SUPER MARIO BROS,6C2mlg8DHCc,post_covid,@cesaltinamendes-o8d,Armoire bowser junior non câ€™est trop.qui veut voir yochi dans le film?ğŸ‰,2025-11-15T15:31:35Z
SUPER MARIO BROS,6C2mlg8DHCc,post_covid,@DelvisCastro-z8u,Cool,2025-11-15T12:00:45Z
SUPER MARIO BROS,6C2mlg8DHCc,post_covid,@magaliebrouez5880,J'ai hÃ¢te il a l'air trop bien j'espÃ¨re que harmonie va parlerğŸ˜Šâ¤,2025-11-15T11:37:28Z
SUPER MARIO BROS,6C2mlg8DHCc,post_covid,@obsynine172,Tellement hÃ¢te. Encore une dinguerie en vue,2025-11-15T11:33:55Z
SUPER MARIO BROS,6C2mlg8DHCc,post_covid,@JohneyAthithan-ce8no,Ã‡a l'air incroyable j'ai trop hÃ¢te ğŸ¥³ğŸ¥³,2025-11-15T10:41:43Z
SUPER MARIO BROS,6C2mlg8DHCc,post_covid,@hugo5678_officiel,Ninji le fameux personnage de super mario jeembory,2025-11-15T08:24:08Z
SUPER MARIO BROS,6C2mlg8DHCc,post_covid,@bloodbadboys,lol Ã§a dure longtemps le champi ğŸ„ raptissant bleu sur bowser ğŸ˜…ğŸ˜‚ ah Rosalina lâ€™air quâ€™elle fait avec sa baguette Ã©toile sa se voit que ses pas la 1er Fois quâ€™elle se fait menacer ğŸ˜œ,2025-11-15T04:42:50Z
SUPER MARIO BROS,6C2mlg8DHCc,post_covid,@FluffyFluffy-K7I,Jâ€™ai peur que se soit une blague sa dit au preumiere avrils ğŸ˜…,2025-11-14T23:49:28Z
SUPER MARIO BROS,6C2mlg8DHCc,post_covid,@SebastienProspet,C'est vraiment toujours pour moi Un trÃ¨s grand bonheur de vous retrouver enfin pleinement tous les 3 tous ensembles tous mes trÃ¨s chers amis bien aimÃ© toi Mario toi Luigi et toi Bowser dans cette toute puissante trÃ¨s grande bande annonce de ce tout puissant trÃ¨s grand film Ã©vÃ©nement et historique que sera pleinement Super Mario 2 Galaxy vivement infiniment beaucoup trop qu'il sorte enfin pleinement Au cinÃ©ma en Avril prochain Ã©normÃ©ment des Super trÃ¨s gros bisous pour vous trois tous ensembles tous mes trÃ¨s chers amis bien aimÃ© toi Mario toi Luigi et toi Bowser je vous adore plus que tout au Monde de tout mon cÅ“ur ğŸ’“â¤ï¸ et pour toujours Ã  tout jamais pour l'Ã©ternitÃ© votre plus grand Fan absolu et ultime et votre vÃ©ritable ami et admirateur SÃ©bâ¤ğŸ˜‚ğŸ˜…ğŸ˜ŠğŸ˜Š,2025-11-14T19:10:53Z
SUPER MARIO BROS,6C2mlg8DHCc,post_covid,@ninjagirl7199,Bowser ressemble Ã©trangement au rÃ´deur de spiderman into the spider verse ( et en plus y'a sa musique d'intro pour ceux qui connaissent),2025-11-14T18:02:59Z
SUPER MARIO BROS,6C2mlg8DHCc,post_covid,@AnaisPeach21,Ninji mignon,2025-11-14T17:37:48Z
SUPER MARIO BROS,6C2mlg8DHCc,post_covid,@potignontristan1894,Bon au moins ils ont pas nerf harmonie ouf ğŸ˜‚,2025-11-14T17:01:03Z
SUPER MARIO BROS,6C2mlg8DHCc,post_covid,@Malo1111,En avril,2025-11-14T16:44:10Z
SUPER MARIO BROS,6C2mlg8DHCc,post_covid,@SofiaTazerout,Pov le premier avril c le poisson dâ€™avril,2025-11-14T15:59:26Z
SUPER MARIO BROS,6C2mlg8DHCc,post_covid,@sulpicedelicat6314,Wawe Ã§a va Ãªtre une dinguerie ğŸ˜‚â¤,2025-11-14T14:36:45Z
SUPER MARIO BROS,6C2mlg8DHCc,post_covid,@Ryomen_lamelodie,Mamamiyaaah comment elle est belle harmonie ğŸ˜®ğŸ˜®â¤,2025-11-14T06:20:01Z
SUPER MARIO BROS,6C2mlg8DHCc,post_covid,@Ludovic-m9w,Oh la giga hype,2025-11-14T02:49:18Z
SUPER MARIO BROS,6C2mlg8DHCc,post_covid,@ArthurAmorosi,Jâ€™ai trop hÃ¢te de le voir â¤â¤â¤,2025-11-13T23:21:26Z
SUPER MARIO BROS,6C2mlg8DHCc,post_covid,@quentinramecourt6628,"Harmony, ilfezec etc...... Bon Ã§a y est je suis hype!!!",2025-11-13T21:20:50Z
SUPER MARIO BROS,6C2mlg8DHCc,post_covid,@abaddon584,"Les mecs on mixÃ© les deux meilleurs mario !!!

Sunshine et Galaxy !!!",2025-11-13T21:14:50Z
SUPER MARIO BROS,6C2mlg8DHCc,post_covid,@ericburnay9405,Je veux trop qu'il fasse un sous-entendu sur le fait que la mÃ¨re c'est Peach,2025-11-13T20:26:05Z
SUPER MARIO BROS,6C2mlg8DHCc,post_covid,@LouisLePrince-l3r,"Cool, une nouvelle claque Ã  Disney",2025-11-13T20:24:57Z
SUPER MARIO BROS,6C2mlg8DHCc,post_covid,@thorfinn1335,"1:51 ""je suis Bowser junior et je viens rÃ©cupÃ©rer mon sperme ??!""",2025-11-13T20:06:21Z
SUPER MARIO BROS,6C2mlg8DHCc,post_covid,@Anonymeespion,Câ€™est la suite officielle ou pas,2025-11-13T19:35:57Z
SUPER MARIO BROS,6C2mlg8DHCc,post_covid,@goku_sanoff,Je ne sais pas pourquoi mais quand j'ai vue 1er Avril je me suis posÃ© des questions,2025-11-13T19:34:28Z
SUPER MARIO BROS,6C2mlg8DHCc,post_covid,@Adamo12212,"Le film sort comme mÃªme le 1 avril, câ€™est louche ğŸ§",2025-11-13T19:16:17Z
SUPER MARIO BROS,6C2mlg8DHCc,post_covid,@kylianfafulovic7694,On en parler du song quand bowser jr arrive,2025-11-13T17:58:15Z
SUPER MARIO BROS,6C2mlg8DHCc,post_covid,@Marveldynastie,51:48 Flashbang,2025-11-13T17:41:21Z
SUPER MARIO BROS,6C2mlg8DHCc,post_covid,@jisasa.à§,J'ai hÃ¢te â¤,2025-11-13T17:40:16Z
SUPER MARIO BROS,6C2mlg8DHCc,post_covid,@PICSOUX57,Marrant y avai la pyramide de mario oddyse,2025-11-13T17:19:07Z
SUPER MARIO BROS,6C2mlg8DHCc,post_covid,@elisabethgerboulet3236,Je louperais pas sa sortie au cinÃ©ma .Vivement le mois d'avrilâ¤ğŸ˜,2025-11-13T16:50:57Z
SUPER MARIO BROS,6C2mlg8DHCc,post_covid,@Titi_367,J'ai eu la pub de la bande annonce aux dÃ©buts de la vidÃ©o ğŸ˜‚,2025-11-13T16:50:27Z
SUPER MARIO BROS,6C2mlg8DHCc,post_covid,@OlivanLebon,A,2025-11-13T15:44:48Z
SUPER MARIO BROS,6C2mlg8DHCc,post_covid,@fabrizziolevoni849,"Sera-t-il aussi nullissime que le 1er? ğŸ¤” Ã€ mon avis il ne pourra qu'Ãªtre mieux, impossible de faire aussi mauvais, finalement..",2025-11-13T15:43:08Z
SUPER MARIO BROS,6C2mlg8DHCc,post_covid,@Dogold94,HÃ¢te de voir le film en Avril 2026,2025-11-13T15:40:00Z
SUPER MARIO BROS,6C2mlg8DHCc,post_covid,@elsadacosta-z8e,Jâ€™aimerai Daisy,2025-11-13T15:04:21Z
SUPER MARIO BROS,6C2mlg8DHCc,post_covid,@SarahMelodieMENGUEMENDONG,Jâ€™ai trop trop hÃ¢te ğŸ˜ŠğŸ˜ŠğŸ˜Šâ¤â¤â¤,2025-11-13T14:04:39Z
SUPER MARIO BROS,6C2mlg8DHCc,post_covid,@fredericiemetti1712,Il est ou yoshi ğŸ˜…ğŸ˜…ğŸ˜‚ğŸ˜‚ğŸ˜‚ğŸ˜‚,2025-11-13T13:50:13Z
SUPER MARIO BROS,6C2mlg8DHCc,post_covid,@Alex555-c4p,Sa ma l'air parfaite juste un petit dÃ©faut c'est que j'ai l'impression que Bowser est gentil ğŸ˜”,2025-11-13T12:42:36Z
SUPER MARIO BROS,6C2mlg8DHCc,post_covid,@Jnsk.r2,1:45 DITE MOI QUE JE SUIS PAS LE SEUL Ã€ AVOIR ENTENDU CE QUE Jâ€™AI ENTENDU PITIÃ‰ !!!!!,2025-11-13T12:06:47Z
SUPER MARIO BROS,6C2mlg8DHCc,post_covid,@ClaraAmelot-ew7ff,â¤â¤â¤â¤â¤â¤â¤â¤â¤â¤â¤â¤â¤â¤â¤â¤â¤â¤ C'est sa Ã¨te incroyable,2025-11-13T11:52:37Z
SUPER MARIO BROS,6C2mlg8DHCc,post_covid,@sebastienfeve7220,La petite rÃ©f Ã  Across the Spider-Verse quand Bowser Jr arrive ğŸ‘ŒğŸ¼,2025-11-13T11:45:47Z
SUPER MARIO BROS,6C2mlg8DHCc,post_covid,@ValjuFan,Moi aussi mais pas de bisous par contre ğŸ˜‚,2025-11-13T11:32:57Z
SUPER MARIO BROS,6C2mlg8DHCc,post_covid,@SylvainAsaun-v3e,1:46 c'est la musique du rodeur,2025-11-13T08:19:48Z
SUPER MARIO BROS,6C2mlg8DHCc,post_covid,@aupaixmaryse8277,J'ai hÃ¢te du film.,2025-11-13T06:31:11Z
SUPER MARIO BROS,6C2mlg8DHCc,post_covid,@kedadlevrai,Ã‡a a l'air banger,2025-11-13T06:14:46Z
SUPER MARIO BROS,6C2mlg8DHCc,post_covid,@SORAYAHRANDRIANARISON,"Parfait, je me disais bien oÃ¹ est passÃ© le mini bowser",2025-11-13T03:32:52Z
SUPER MARIO BROS,6C2mlg8DHCc,post_covid,@rosemariearsenault276,Bullshit la traduction c'est ROSALINA PAS ARMONIE,2025-11-13T02:27:06Z
SUPER MARIO BROS,6C2mlg8DHCc,post_covid,@kurumitokisaki3740,Mamama elle est magnifique Harmonie â¤â¤,2025-11-13T00:05:30Z
SUPER MARIO BROS,6C2mlg8DHCc,post_covid,@entrepreuneurlibre,Trop hÃ¢te,2025-11-12T23:39:21Z
SUPER MARIO BROS,6C2mlg8DHCc,post_covid,@lkmdelabreuh4206,Sa va Ãªtre le feuğŸ”¥ğŸ”¥,2025-11-12T23:23:04Z
SUPER MARIO BROS,6C2mlg8DHCc,post_covid,@cantralfish7025,J ai pleurÃ© en regarden le bands annonce â¤,2025-11-12T22:53:02Z
SUPER MARIO BROS,6C2mlg8DHCc,post_covid,@FlorentChevalier-s6s,Et yoshi ğŸ˜¢,2025-11-12T21:43:28Z
SUPER MARIO BROS,6C2mlg8DHCc,post_covid,@YT_Mass44,Attendez c le premier Avril Ã§a se trouve c une grosse blague,2025-11-12T21:11:38Z
SUPER MARIO BROS,6C2mlg8DHCc,post_covid,@davidmbz4659,J avais tellement aimer le premier film donc le 2 tellement impatient d allez le voir ğŸ”¥ğŸ”¥ğŸ”¥ğŸ”¥,2025-11-12T21:09:02Z
SUPER MARIO BROS,6C2mlg8DHCc,post_covid,@muratwallensky3229,1avril??? Jâ€™espÃ¨re que c Â´est pas un poisson dâ€™avril,2025-11-12T21:05:34Z
SUPER MARIO BROS,6C2mlg8DHCc,post_covid,@wilfriedafolabi4165,Bowser jr. Il est de retour 1:44,2025-11-12T20:33:22Z
SUPER MARIO BROS,6C2mlg8DHCc,post_covid,@eliotrope9695,Trop stylÃ© ğŸ‘,2025-11-12T20:11:42Z
SUPER MARIO BROS,6C2mlg8DHCc,post_covid,@ThisISAXbox,Super il a l'air trop bien !!! Si j'avaisğŸ˜… une copine j'irai le voir avec elleğŸ˜‚,2025-11-12T20:10:05Z
SUPER MARIO BROS,6C2mlg8DHCc,post_covid,@Marlyafols,C'est une CroÃ»te ğŸ™ƒ,2025-11-12T20:05:00Z
SUPER MARIO BROS,6C2mlg8DHCc,post_covid,@anaiskawaii245,Cool jâ€™ai hÃ¢te,2025-11-12T20:00:10Z
SUPER MARIO BROS,6C2mlg8DHCc,post_covid,@amandinegregoris120,"Vraiment j'adore cette bande annonce.
ğŸ˜ŠğŸ˜Š",2025-11-12T19:31:22Z
SUPER MARIO BROS,6C2mlg8DHCc,post_covid,@Mister.D3,Incroyable trop hÃ¢te de le voir,2025-11-12T19:29:59Z
SUPER MARIO BROS,6C2mlg8DHCc,post_covid,@arnaudrachelleenduitsaille4762,Ã‡a va encore Ãªtre une vrai dinguerie ce film !,2025-11-12T19:01:35Z
SUPER MARIO BROS,6C2mlg8DHCc,post_covid,@Pythar_BS,Incroyable â¤â¤,2025-11-12T18:39:09Z
SUPER MARIO BROS,6C2mlg8DHCc,post_covid,@Lefinshadow,magnifique bowser junior!!!!,2025-11-12T18:38:26Z
SUPER MARIO BROS,6C2mlg8DHCc,post_covid,@Sugers,une princesse qui ressemble a elsa ?,2025-11-12T18:09:30Z
SUPER MARIO BROS,6C2mlg8DHCc,post_covid,@Oshi_dbz,J'ai trop trop hÃ¢te ğŸ˜ŠğŸ˜ŠğŸ˜ŠğŸ˜Š,2025-11-12T18:05:58Z
SUPER MARIO BROS,6C2mlg8DHCc,post_covid,@nasoupoliticien5762,Enfin nous voyons Rosalina,2025-11-12T16:25:39Z
SUPER MARIO BROS,6C2mlg8DHCc,post_covid,@Teoman9,Ã‡a a lâ€™air fou jâ€™ai tellement hÃ¢te ğŸ¥¹,2025-11-12T16:13:40Z
SUPER MARIO BROS,6C2mlg8DHCc,post_covid,@asrieldreemurr8768,C'EST DU LOURD CE QUE CELA NOUS PROMETS !,2025-11-12T15:25:48Z
SUPER MARIO BROS,6C2mlg8DHCc,post_covid,@Louga73,MDR,2025-11-12T15:07:05Z
